Trade;Porto Origem;Porto de Destino;Armador;Frete;Transittime;Fretime
AFRICA;SANTOS;NOUADHIBOU;MMMMM;2464;45;11
AFRICA;ITAGUAI;TAKORADI;AAAAA;4092;33;14
AFRICA;ITAGUAI;SAN PEDRO;AAAAA;2292;37;14
AFRICA;ITAGUAI;POINTE NOIRE;AAAAA;4292;44;14
AFRICA;ITAGUAI;PORT LOUIS;AAAAA;2492;36;14
AFRICA;ITAGUAI;TAMATAVE;MMMMM;2464;77;14
AFRICA;ITAGUAI;BENGUELA;AAAAA;2692;46;14
AFRICA;ITAGUAI;RADES;AAAAA;2942;62;14
AFRICA;ITAGUAI;ROTTERDAM;AAAAA;2686;23;14
AFRICA;ITAGUAI;ANTWERP;AAAAA;4692;30;7
AFRICA;ITAGUAI;ANTWERP;MMMMM;6446;31;7
AFRICA;ITAGUAI;HAMBURG;AAAAA;4092;42;14
AFRICA;ITAGUAI;VALENCIA;AAAAA;4192;27;14
AFRICA;ITAGUAI;ALGECIRAS;AAAAA;6402;64;14
AFRICA;ITAGUAI;LE HAVRE;AAAAA;2092;37;10
AFRICA;ITAGUAI;MARSEILLE;MMMMM;2660;48;15
AFRICA;ITAGUAI;GENOA;AAAAA;6292;27;14
AFRICA;ITAGUAI;TRIESTE;AAAAA;4992;34;14
AFRICA;ITAGUAI;PIRAEUS;AAAAA;4692;43;14
AFRICA;ITAGUAI;GANSK;AAAAA;4492;44;4
AFRICA;ITAGUAI;GOTHENBURG;AAAAA;4192;44;14
AFRICA;ITAGUAI;GOTHENBURG;MMMMM;4466;42;14
AFRICA;ITAGUAI;KOTKA;AAAAA;4892;38;14
AFRICA;ITAGUAI;SINES;AAAAA;6292;56;7
AFRICA;ITAGUAI;CONSTANTA;AAAAA;6992;31;14
AFRICA;ITAGUAI;SHANGHAI;AAAAA;4692;67;14
AFRICA;ITAGUAI;NOUADHIBOU;AAAAA;4892;38;14
AFRICA;ITAGUAI;NINGBO-ZHOUSHAN;AAAAA;2292;39;14
AFRICA;ITAGUAI;SHENZHEN;AAAAA;4492;21;6
AFRICA;ITAGUAI;SINGAPORE;AAAAA;4092;51;7
AFRICA;ITAGUAI;SINGAPORE;MMMMM;4824;45;14
AFRICA;ITAGUAI;BUSAN;AAAAA;6492;39;14
AFRICA;ITAGUAI;JEBEL ALI;AAAAA;6292;29;14
AFRICA;ITAGUAI;JEBEL ALI;MMMMM;4822;37;14
AFRICA;ITAGUAI;SALALAH;AAAAA;4292;35;14
AFRICA;ITAGUAI;SALALAH;MMMMM;4696;28;14
AFRICA;ITAGUAI;PORT KELANG;AAAAA;6892;36;14
AFRICA;ITAGUAI;TANJUNG PELEPAS;AAAAA;4286;31;5
AFRICA;ITAGUAI;KAOHSIUNG;AAAAA;4842;51;14
AFRICA;Rio de Janeiro;TAKORADI;HHHHHH;2664;41;2
AFRICA;Rio de Janeiro;TAKORADI;SSSSS;4680;44;7
AFRICA;Rio de Janeiro;LAEM CHABANG;HHHHHH;4689;22;3
AFRICA;Rio de Janeiro;LAEM CHABANG;SSSSS;4240;24;7
AFRICA;Rio de Janeiro;SAN PEDRO;HHHHHH;2466;34;7
AFRICA;Rio de Janeiro;POINTE NOIRE;HHHHHH;6496;36;3
AFRICA;Rio de Janeiro;POINTE NOIRE;SSSSS;4880;24;7
AFRICA;Rio de Janeiro;TAMATAVE;AAAAA;4992;53;14
AFRICA;Rio de Janeiro;TAMATAVE;SSSSS;6440;46;10
AFRICA;Rio de Janeiro;TANGER MED;SSSSS;6800;61;10
AFRICA;Rio de Janeiro;RADES;HHHHHH;11096;46;7
AFRICA;Rio de Janeiro;CHITTAGONG;AAAAA;6240;70;10
AFRICA;Rio de Janeiro;CHITTAGONG;SSSSS;2680;15;10
AFRICA;Rio de Janeiro;ROTTERDAM;SSSSS;4180;26;10
AFRICA;Rio de Janeiro;PORT SAID;SSSSS;4440;35;10
AFRICA;Rio de Janeiro;ANTWERP;HHHHHH;2022;23;3
AFRICA;Rio de Janeiro;ANTWERP;SSSSS;4200;20;7
AFRICA;Rio de Janeiro;HAMBURG;HHHHHH;2664;38;7
AFRICA;Rio de Janeiro;HAMBURG;SSSSS;4640;44;10
AFRICA;Rio de Janeiro;VALENCIA;HHHHHH;2602;27;7
AFRICA;Rio de Janeiro;MUNDRA;AAAAA;4992;53;7
AFRICA;Rio de Janeiro;MUNDRA;SSSSS;6400;48;10
AFRICA;Rio de Janeiro;ALGECIRAS;SSSSS;4200;49;10
AFRICA;Rio de Janeiro;LE HAVRE;SSSSS;4690;46;14
AFRICA;Rio de Janeiro;MARSEILLE;AAAAA;2640;71;10
AFRICA;Rio de Janeiro;MARSEILLE;SSSSS;2440;21;10
AFRICA;Rio de Janeiro;GENOA;HHHHHH;6496;24;10
AFRICA;Rio de Janeiro;GENOA;SSSSS;4240;53;10
AFRICA;Rio de Janeiro;TRIESTE;HHHHHH;8144;49;2
AFRICA;Rio de Janeiro;PIRAEUS;SSSSS;4000;52;10
AFRICA;Rio de Janeiro;MOMBASA;HHHHHH;6496;45;7
AFRICA;Rio de Janeiro;MOMBASA;SSSSS;4240;46;10
AFRICA;Rio de Janeiro;GANSK;SSSSS;4640;39;7
AFRICA;Rio de Janeiro;JAWAHARLAL NEHRU;AAAAA;11692;60;14
AFRICA;Rio de Janeiro;JAWAHARLAL NEHRU;SSSSS;6190;60;14
AFRICA;Rio de Janeiro;GOTHENBURG;HHHHHH;4026;38;7
AFRICA;Rio de Janeiro;GOTHENBURG;SSSSS;2440;33;10
AFRICA;Rio de Janeiro;TOKYO;AAAAA;4992;49;14
AFRICA;Rio de Janeiro;TOKYO;SSSSS;2680;43;10
AFRICA;Rio de Janeiro;SINES;HHHHHH;8846;47;17
AFRICA;Rio de Janeiro;SINES;SSSSS;2640;50;15
AFRICA;Rio de Janeiro;SHANGHAI;SSSSS;6840;45;7
AFRICA;Rio de Janeiro;LOS ANGELES;AAAAA;4992;72;14
AFRICA;Rio de Janeiro;LOS ANGELES;HHHHHH;6624;62;5
AFRICA;Rio de Janeiro;LOS ANGELES;SSSSS;6440;43;10
AFRICA;Rio de Janeiro;NOUADHIBOU;HHHHHH;4921;26;11
AFRICA;Rio de Janeiro;NOUADHIBOU;SSSSS;4200;57;7
AFRICA;Rio de Janeiro;LONG BEACH;AAAAA;8692;78;14
AFRICA;Rio de Janeiro;SAVANNAH;AAAAA;2292;67;14
AFRICA;Rio de Janeiro;SAVANNAH;SSSSS;6840;59;10
AFRICA;Rio de Janeiro;SHENZHEN;HHHHHH;6624;20;6
AFRICA;Rio de Janeiro;SHENZHEN;SSSSS;4960;18;10
AFRICA;Rio de Janeiro;SINGAPORE;SSSSS;4010;44;15
AFRICA;Rio de Janeiro;NEW YORK/NEW JERSEY;AAAAA;6292;50;14
AFRICA;Rio de Janeiro;NEW YORK/NEW JERSEY;SSSSS;2940;52;7
AFRICA;Rio de Janeiro;COEGA;SSSSS;2680;47;21
AFRICA;Rio de Janeiro;DURBAN;SSSSS;2440;55;21
AFRICA;Rio de Janeiro;RECALLADA;SSSSS;6680;51;7
AFRICA;Rio de Janeiro;VANCOUVER;AAAAA;2092;74;14
AFRICA;Rio de Janeiro;SALALAH;HHHHHH;4100;29;14
AFRICA;Rio de Janeiro;SALALAH;SSSSS;4460;41;21
AFRICA;Rio de Janeiro;PORT KELANG;HHHHHH;2466;37;7
AFRICA;Rio de Janeiro;TANJUNG PELEPAS;SSSSS;4940;41;7
AFRICA;Rio de Janeiro;KAOHSIUNG;SSSSS;4440;8;10
AFRICA;Rio de Janeiro;HALIFAX;AAAAA;6492;70;14
AFRICA;Rio de Janeiro;HALIFAX;SSSSS;6240;48;10
AFRICA;SANTOS;LAEM CHABANG;AAAAA;6022;60;7
AFRICA;SANTOS;PORT LOUIS;HHHHHH;10146;48;7
AFRICA;SANTOS;CHITTAGONG;HHHHHH;6444;37;3
AFRICA;SANTOS;PORT SAID;HHHHHH;6208;43;3
AFRICA;SANTOS;MARSEILLE;HHHHHH;2200;25;3
AFRICA;SANTOS;PIRAEUS;HHHHHH;4141;41;10
AFRICA;SANTOS;SINGAPORE;HHHHHH;4920;31;21
AFRICA;SANTOS;WALVIS BAY;HHHHHH;2208;27;3
AFRICA;SANTOS;BUSAN;HHHHHH;10248;36;10
AFRICA;SANTOS;KAOHSIUNG;HHHHHH;6299;45;21
AMÉRICAS;RIO GRANDE;MANZANILLO;AAAAA;3456;40;15
AMÉRICAS;RIO GRANDE;VERACRUZ;AAAAA;2457;30;10
AMÉRICAS;RIO GRANDE;COLÓN;AAAAA;5621;40;12
AMÉRICAS;RIO GRANDE;BALBOA;AAAAA;2345;45;10
AMÉRICAS;RIO GRANDE;CARTAGENA;AAAAA;1234;55;15
AMÉRICAS;RIO GRANDE;BUENAVENTURA;AAAAA;2345;23;14
AMÉRICAS;RIO GRANDE;CALLAO;AAAAA;3698;43;14
AMÉRICAS;RIO GRANDE;SAN ANTONIO;AAAAA;2225;36;15
AMÉRICAS;RIO GRANDE;MONTEVIDEO;AAAAA;2458;10;12
AMÉRICAS;Rio de Janeiro;BUENOS AIRES;AAAAA;2926;40;10
AMÉRICAS;Rio de Janeiro;BUENOS AIRES;MMMMM;4448;19;14
AMÉRICAS;Rio de Janeiro;BUENOS AIRES;SSSSS;4424;19;15
AMÉRICAS;Rio de Janeiro;KINGSTON;AAAAA;6422;39;10
AMÉRICAS;Rio de Janeiro;CAUCEDO;AAAAA;6022;32;10
AMÉRICAS;Rio de Janeiro;CAUCEDO;SSSSS;6024;43;3
AMÉRICAS;Rio de Janeiro;MELBOURNE;AAAAA;2822;36;14
AMÉRICAS;Rio de Janeiro;MELBOURNE;HHHHHH;2600;19;10
AMÉRICAS;Rio de Janeiro;MELBOURNE;MMMMM;4629;19;10
AMÉRICAS;Rio de Janeiro;MELBOURNE;SSSSS;4200;28;10
AMÉRICAS;Rio de Janeiro;SYDNEY;AAAAA;2262;30;10
AMÉRICAS;Rio de Janeiro;VERACRUZ;SSSSS;2824;30;10
AMÉRICAS;Rio de Janeiro;AUCKLAND;AAAAA;4406;35;10
AMÉRICAS;Rio de Janeiro;COLÓN;SSSSS;4024;24;10
AMÉRICAS;Rio de Janeiro;TAURANGA;AAAAA;4249;34;10
AMÉRICAS;Rio de Janeiro;TAURANGA;SSSSS;6224;35;10
AMÉRICAS;Rio de Janeiro;PORT MORESBY;AAAAA;6222;31;5
AMÉRICAS;Rio de Janeiro;LAFITO;AAAAA;2162;28;10
AMÉRICAS;Rio de Janeiro;MANZANILLO;AAAAA;4424;61;3
AMÉRICAS;Rio de Janeiro;MANZANILLO;MMMMM;4448;28;14
AMÉRICAS;Rio de Janeiro;MANZANILLO;SSSSS;4024;26;15
AMÉRICAS;Rio de Janeiro;MARACAIBO;AAAAA;6222;28;10
AMÉRICAS;Rio de Janeiro;MARIEL;AAAAA;2046;39;14
AMÉRICAS;Rio de Janeiro;MONTREAL;AAAAA;2426;40;14
AMÉRICAS;Rio de Janeiro;MONTREAL;HHHHHH;2184;26;2
AMÉRICAS;Rio de Janeiro;MONTREAL;SSSSS;2024;41;7
AMÉRICAS;Rio de Janeiro;NASSAU;AAAAA;4222;27;10
AMÉRICAS;Rio de Janeiro;NASSAU;SSSSS;2224;29;10
AMÉRICAS;Rio de Janeiro;PARAMARIBO;AAAAA;4249;36;10
AMÉRICAS;Rio de Janeiro;PARAMARIBO;SSSSS;6024;37;10
AMÉRICAS;Rio de Janeiro;PHILLIPSBURG;AAAAA;4922;26;5
AMÉRICAS;Rio de Janeiro;BUENAVENTURA;SSSSS;6224;40;10
AMÉRICAS;Rio de Janeiro;PORT OF SPAIN;AAAAA;4062;33;10
AMÉRICAS;Rio de Janeiro;PORT OF SPAIN;SSSSS;4224;26;10
AMÉRICAS;Rio de Janeiro;CALLAO;SSSSS;6028;40;10
AMÉRICAS;Rio de Janeiro;PUERTO CABELLO;AAAAA;6222;27;4
AMÉRICAS;Rio de Janeiro;SAN ANTONIO;SSSSS;2624;26;7
AMÉRICAS;Rio de Janeiro;ROSEAU;AAAAA;6422;40;10
AMÉRICAS;Rio de Janeiro;SANTIAGO DE CUBA;AAAAA;2246;27;10
AMÉRICAS;Rio de Janeiro;ST. GEORGES;AAAAA;2622;42;10
AMÉRICAS;Rio de Janeiro;ST. GEORGES;SSSSS;6200;36;10
AMÉRICAS;Rio de Janeiro;ST. JOHNS;AAAAA;6062;31;10
AMÉRICAS;Rio de Janeiro;TORONTO;AAAAA;2626;47;14
AMÉRICAS;Rio de Janeiro;TORONTO;HHHHHH;2124;26;2
AMÉRICAS;Rio de Janeiro;TORONTO;MMMMM;2609;23;3
AMÉRICAS;Rio de Janeiro;TORONTO;SSSSS;2624;41;7
AMÉRICAS;Rio de Janeiro;VANCOUVER;AAAAA;2606;60;14
AMÉRICAS;Rio de Janeiro;VANCOUVER;SSSSS;2224;44;7
AMÉRICAS;Rio de Janeiro;VERA CRUZ;AAAAA;2126;27;3
AMÉRICAS;Rio de Janeiro;VERA CRUZ;MMMMM;4118;19;14
AMÉRICAS;Rio de Janeiro;VERA CRUZ;SSSSS;4424;17;15
AMÉRICAS;SANTOS;BUENOS AIRES;HHHHHH;2280;22;14
AMÉRICAS;SANTOS;CAUCEDO;HHHHHH;2944;22;2
AMÉRICAS;SANTOS;MELBOURNE;CCCCC;2400;28;12
AMÉRICAS;SANTOS;CHARLESTOWN;HHHHHH;9092;21;6
AMÉRICAS;SANTOS;COLÓN;HHHHHH;8466;32;5
AMÉRICAS;SANTOS;TAURANGA;HHHHHH;6444;23;10
AMÉRICAS;SANTOS;PORT MORESBY;HHHHHH;6121;22;10
AMÉRICAS;SANTOS;MANZANILLO;HHHHHH;4660;19;14
AMÉRICAS;SANTOS;MARACAIBO;HHHHHH;6444;22;10
AMÉRICAS;SANTOS;MARIEL;HHHHHH;4920;15;10
AMÉRICAS;SANTOS;NASSAU;HHHHHH;8284;32;5
AMÉRICAS;SANTOS;CARTAGENA;HHHHHH;2944;17;10
AMÉRICAS;SANTOS;PARAMARIBO;HHHHHH;6944;23;10
AMÉRICAS;SANTOS;PHILLIPSBURG;HHHHHH;8820;28;5
AMÉRICAS;SANTOS;BUENAVENTURA;HHHHHH;6944;20;10
AMÉRICAS;SANTOS;CALLAO;HHHHHH;6622;35;14
AMÉRICAS;SANTOS;PUERTO CABELLO;HHHHHH;6121;21;10
AMÉRICAS;SANTOS;SAN ANTONIO;HHHHHH;6944;54;5
AMÉRICAS;SANTOS;ROSEAU;HHHHHH;6449;32;6
AMÉRICAS;SANTOS;ST. GEORGES;HHHHHH;6941;33;6
AMÉRICAS;SANTOS;ST. JOHNS;HHHHHH;8408;29;7
AMÉRICAS;SANTOS;VERA CRUZ;HHHHHH;2420;19;14
AMÉRICAS;SANTOS;MONTEVIDEO;HHHHHH;4644;17;10
BLACK SEA;ITAGUAI;POTI;AAAAA;4186;42;15
BLACK SEA;Rio de Janeiro;POTI;HHHHHH;4400;49;12
BLACK SEA;Rio de Janeiro;POTI;SSSSS;4240;31;8
EUROPE;RIO GRANDE;BREMEN;AAAAA;0;21;6
EUROPE;RIO GRANDE;CHORNOMORSK;AAAAA;0;32;5
EUROPE;RIO GRANDE;ESBEJERG;AAAAA;0;23;10
EUROPE;RIO GRANDE;FELIXSTOWE;AAAAA;0;22;10
EUROPE;RIO GRANDE;KALININGRAD;AAAAA;0;14;14
EUROPE;RIO GRANDE;SAINT PETERSBURG;AAAAA;0;35;10
EUROPE;RIO GRANDE;VLADVOSTOK;AAAAA;0;36;10
EUROPE;ITAGUAI;ODESSA;AAAAA;4614;51;5
EUROPE;PARANAGUA;ALGECIRAS;AAAAA;2014;18;7
EUROPE;PARANAGUA;ALGECIRAS;CCCCC;1600;14;14
EUROPE;PARANAGUA;ALGECIRAS;HHHHHH;4689;35;10
EUROPE;PARANAGUA;ALGECIRAS;SSSSS;2840;36;10
EUROPE;PARANAGUA;ANTUÉRPIA;AAAAA;1600;22;10
EUROPE;PARANAGUA;ANTUÉRPIA;CCCCC;1600;26;13
EUROPE;PARANAGUA;ANTUÉRPIA;HHHHHH;4664;52;4
EUROPE;PARANAGUA;ANTUÉRPIA;SSSSS;1480;39;8
EUROPE;PARANAGUA;ARHUS;AAAAA;4214;28;10
EUROPE;PARANAGUA;ARHUS;CCCCC;4200;31;11
EUROPE;PARANAGUA;ARHUS;HHHHHH;4226;63;4
EUROPE;PARANAGUA;ARHUS;SSSSS;2840;45;4
EUROPE;PARANAGUA;BAR;AAAAA;4214;37;7
EUROPE;PARANAGUA;BAR;SSSSS;4240;49;2
EUROPE;PARANAGUA;BELFAST;AAAAA;4214;30;10
EUROPE;PARANAGUA;BELFAST;CCCCC;2620;30;15
EUROPE;PARANAGUA;BELFAST;HHHHHH;4461;57;4
EUROPE;PARANAGUA;BELFAST;SSSSS;2640;44;5
EUROPE;PARANAGUA;BREMEN;CCCCC;2020;22;12
EUROPE;PARANAGUA;BREMEN;SSSSS;2480;36;8
EUROPE;PARANAGUA;BREMERHAVEN;AAAAA;4214;21;10
EUROPE;PARANAGUA;BREMERHAVEN;CCCCC;2020;28;12
EUROPE;PARANAGUA;BREMERHAVEN;HHHHHH;1602;57;4
EUROPE;PARANAGUA;BREMERHAVEN;SSSSS;1480;36;8
EUROPE;PARANAGUA;CONSTANTA;AAAAA;4264;44;7
EUROPE;PARANAGUA;CONSTANTA;HHHHHH;4464;41;10
EUROPE;PARANAGUA;CONSTANTA;SSSSS;4240;55;10
EUROPE;PARANAGUA;DUBLIN;AAAAA;4214;21;10
EUROPE;PARANAGUA;DUBLIN;CCCCC;2400;25;12
EUROPE;PARANAGUA;DUBLIN;HHHHHH;4206;42;4
EUROPE;PARANAGUA;DUBLIN;SSSSS;2640;45;8
EUROPE;PARANAGUA;ESBEJERG;HHHHHH;4660;46;4
EUROPE;PARANAGUA;FELIXSTOWE;CCCCC;1600;20;15
EUROPE;PARANAGUA;FELIXSTOWE;HHHHHH;2642;59;4
EUROPE;PARANAGUA;FELIXSTOWE;SSSSS;2640;41;7
EUROPE;PARANAGUA;GENOVA;AAAAA;2414;31;7
EUROPE;PARANAGUA;GENOVA;CCCCC;2800;21;14
EUROPE;PARANAGUA;GENOVA;HHHHHH;2066;36;10
EUROPE;PARANAGUA;GENOVA;SSSSS;1680;37;8
EUROPE;PARANAGUA;HAMBURG;AAAAA;1600;17;10
EUROPE;PARANAGUA;HAMBURG;CCCCC;1600;22;12
EUROPE;PARANAGUA;HAMBURG;MMMMM;2226;24;3
EUROPE;PARANAGUA;HAMBURG;SSSSS;1480;34;8
EUROPE;PARANAGUA;KLAIPEDA;AAAAA;4614;25;10
EUROPE;PARANAGUA;KLAIPEDA;CCCCC;2600;27;13
EUROPE;PARANAGUA;KLAIPEDA;HHHHHH;4066;62;4
EUROPE;PARANAGUA;KLAIPEDA;SSSSS;2240;51;7
EUROPE;PARANAGUA;LAS PALMAS;AAAAA;4214;24;7
EUROPE;PARANAGUA;LAS PALMAS;CCCCC;2220;25;13
EUROPE;PARANAGUA;LAS PALMAS;MMMMM;4146;27;8
EUROPE;PARANAGUA;LAS PALMAS;SSSSS;2880;25;8
EUROPE;PARANAGUA;LE HAVRE;AAAAA;4214;29;10
EUROPE;PARANAGUA;LE HAVRE;HHHHHH;1662;62;4
EUROPE;PARANAGUA;LE HAVRE;SSSSS;1480;41;7
EUROPE;PARANAGUA;LEIXÕES;AAAAA;4414;29;7
EUROPE;PARANAGUA;LEIXÕES;CCCCC;4220;16;13
EUROPE;PARANAGUA;LEIXÕES;HHHHHH;4449;42;10
EUROPE;PARANAGUA;LEIXÕES;SSSSS;2640;46;8
EUROPE;PARANAGUA;LIMASSOL;AAAAA;4414;34;7
EUROPE;PARANAGUA;LIMASSOL;SSSSS;4190;57;7
EUROPE;PARANAGUA;LISBOA;AAAAA;4164;23;10
EUROPE;PARANAGUA;LISBOA;CCCCC;4220;30;13
EUROPE;PARANAGUA;LISBOA;MMMMM;2846;26;15
EUROPE;PARANAGUA;LISBOA;SSSSS;2282;45;7
EUROPE;PARANAGUA;LONDON GATEWAY;AAAAA;1600;19;10
EUROPE;PARANAGUA;LONDON GATEWAY;HHHHHH;1620;53;4
EUROPE;PARANAGUA;LONDON GATEWAY;MMMMM;4044;19;15
EUROPE;PARANAGUA;LONDON GATEWAY;SSSSS;1480;32;8
EUROPE;PARANAGUA;ODESSA;SSSSS;4240;42;10
EUROPE;PARANAGUA;ROTTERDAM;AAAAA;1600;17;10
EUROPE;PARANAGUA;ROTTERDAM;CCCCC;1600;20;14
EUROPE;PARANAGUA;ROTTERDAM;MMMMM;2166;21;4
EUROPE;PARANAGUA;ROTTERDAM;SSSSS;1480;30;8
EUROPE;PARANAGUA;TENERIFE;AAAAA;4284;23;7
EUROPE;PARANAGUA;TENERIFE;CCCCC;2200;26;14
EUROPE;PARANAGUA;TENERIFE;SSSSS;4160;27;8
EUROPE;PARANAGUA;THESSALONIKI;AAAAA;4864;31;7
EUROPE;PARANAGUA;THESSALONIKI;SSSSS;4040;43;10
EUROPE;PARANAGUA;VALÊNCIA;AAAAA;4214;28;7
EUROPE;PARANAGUA;VALÊNCIA;CCCCC;2900;41;12
EUROPE;PARANAGUA;VALÊNCIA;HHHHHH;2201;29;10
EUROPE;PARANAGUA;VALÊNCIA;SSSSS;1680;31;8
EUROPE;Rio de Janeiro;HAMBURG;HHHHHH;1616;24;4
EUROPE;Rio de Janeiro;LISBOA;HHHHHH;2292;20;10
EUROPE;Rio de Janeiro;ROTTERDAM;HHHHHH;1200;20;4
FAR EAST;RIO GRANDE;BATANGAS;AAAAA;0;;
FAR EAST;RIO GRANDE;GENSAN;AAAAA;0;;
FAR EAST;RIO GRANDE;INCHEON;AAAAA;0;;
FAR EAST;RIO GRANDE;TOMAKOMAI;AAAAA;4099;;3
FAR EAST;RIO GRANDE;ISHIKARI;AAAAA;0;0;
FAR EAST;ITAGUAI;CAT LAI (HO CHI MINH);MMMMM;4062;57;5
FAR EAST;ITAGUAI;MALE;MMMMM;4649;69;15
FAR EAST;ITAGUAI;MANILA NORTH HARBOUR;MMMMM;2911;55;10
FAR EAST;ITAGUAI;MANILA SOUTH HARBOUR;MMMMM;4111;55;10
FAR EAST;ITAGUAI;NANSHA;MMMMM;2622;63;14
FAR EAST;ITAGUAI;OSAKA;MMMMM;4662;70;10
FAR EAST;ITAGUAI;PUSAN;MMMMM;1942;62;14
FAR EAST;ITAGUAI;SHANGHAI;MMMMM;1922;60;14
FAR EAST;ITAGUAI;SINGAPORE;MMMMM;1892;48;10
FAR EAST;ITAGUAI;TOKYO;MMMMM;4246;66;10
FAR EAST;ITAGUAI;YANTIAN;MMMMM;1922;56;14
FAR EAST;Rio de Janeiro;BATANGAS;SSSSS;4460;50;10
FAR EAST;Rio de Janeiro;CAGAYAN DE ORO;AAAAA;2966;51;10
FAR EAST;Rio de Janeiro;CAT LAI (HO CHI MINH);AAAAA;2616;49;10
FAR EAST;Rio de Janeiro;CAT LAI (HO CHI MINH);CCCCC;2000;50;12
FAR EAST;Rio de Janeiro;CEBU;AAAAA;2666;50;10
FAR EAST;Rio de Janeiro;CEBU;HHHHHH;4612;45;3
FAR EAST;Rio de Janeiro;CHITTAGONG;AAAAA;4966;48;10
FAR EAST;Rio de Janeiro;CHITTAGONG;HHHHHH;9442;68;10
FAR EAST;Rio de Janeiro;CHITTAGONG;SSSSS;2200;49;15
FAR EAST;Rio de Janeiro;DALIAN;AAAAA;2616;48;10
FAR EAST;Rio de Janeiro;DALIAN;CCCCC;1800;60;14
FAR EAST;Rio de Janeiro;DALIAN;SSSSS;2602;58;7
FAR EAST;Rio de Janeiro;DAVAO;AAAAA;2666;38;10
FAR EAST;Rio de Janeiro;DAVAO;HHHHHH;2269;81;3
FAR EAST;Rio de Janeiro;DAVAO;SSSSS;4460;58;10
FAR EAST;Rio de Janeiro;DILI;AAAAA;2616;32;10
FAR EAST;Rio de Janeiro;DILI;SSSSS;2820;48;15
FAR EAST;Rio de Janeiro;GENERAL SANTOS;AAAAA;2966;47;3
FAR EAST;Rio de Janeiro;HAIPHONG;AAAAA;2616;40;10
FAR EAST;Rio de Janeiro;HAIPHONG;CCCCC;2000;30;12
FAR EAST;Rio de Janeiro;HAIPHONG;HHHHHH;4414;67;5
FAR EAST;Rio de Janeiro;HAIPHONG;SSSSS;2602;52;10
FAR EAST;Rio de Janeiro;HAKATA;AAAAA;4099;52;3
FAR EAST;Rio de Janeiro;HAKATA;CCCCC;1800;48;8
FAR EAST;Rio de Janeiro;HAKATA;HHHHHH;4840;68;3
FAR EAST;Rio de Janeiro;HAKATA;SSSSS;2240;55;4
FAR EAST;Rio de Janeiro;HONG KONG;AAAAA;1496;29;5
FAR EAST;Rio de Janeiro;HONG KONG;CCCCC;1600;27;13
FAR EAST;Rio de Janeiro;HONG KONG;HHHHHH;2020;45;3
FAR EAST;Rio de Janeiro;HONG KONG;SSSSS;1240;49;10
FAR EAST;Rio de Janeiro;ICD PHUOC LONG;AAAAA;4016;48;10
FAR EAST;Rio de Janeiro;ICD PHUOC LONG;SSSSS;4600;45;10
FAR EAST;Rio de Janeiro;INCHEON;HHHHHH;4626;78;15
FAR EAST;Rio de Janeiro;ISHIKARI;SSSSS;4902;55;4
FAR EAST;Rio de Janeiro;KARACHI;AAAAA;4266;44;10
FAR EAST;Rio de Janeiro;KARACHI;HHHHHH;6464;53;15
FAR EAST;Rio de Janeiro;KARACHI;SSSSS;4620;47;15
FAR EAST;Rio de Janeiro;KOBE;AAAAA;2299;48;3
FAR EAST;Rio de Janeiro;KOBE;CCCCC;1800;60;8
FAR EAST;Rio de Janeiro;KOBE;HHHHHH;4200;60;3
FAR EAST;Rio de Janeiro;KOBE;SSSSS;2240;52;4
FAR EAST;Rio de Janeiro;MALE;AAAAA;2092;37;10
FAR EAST;Rio de Janeiro;MALE;HHHHHH;4022;68;10
FAR EAST;Rio de Janeiro;MALE;SSSSS;2240;44;7
FAR EAST;Rio de Janeiro;MANILA NORTH HARBOUR;AAAAA;2666;41;10
FAR EAST;Rio de Janeiro;MANILA NORTH HARBOUR;CCCCC;2200;36;7
FAR EAST;Rio de Janeiro;MANILA NORTH HARBOUR;HHHHHH;2200;65;3
FAR EAST;Rio de Janeiro;MANILA NORTH HARBOUR;SSSSS;2140;47;10
FAR EAST;Rio de Janeiro;MANILA SOUTH HARBOUR;AAAAA;2666;41;10
FAR EAST;Rio de Janeiro;MANILA SOUTH HARBOUR;CCCCC;2200;36;7
FAR EAST;Rio de Janeiro;MOJI;AAAAA;4099;49;3
FAR EAST;Rio de Janeiro;MOJI;HHHHHH;4840;68;3
FAR EAST;Rio de Janeiro;MOJI;SSSSS;4620;53;4
FAR EAST;Rio de Janeiro;NAGOYA;AAAAA;2299;46;3
FAR EAST;Rio de Janeiro;NAGOYA;CCCCC;1800;61;8
FAR EAST;Rio de Janeiro;NAGOYA;HHHHHH;4200;73;3
FAR EAST;Rio de Janeiro;NAGOYA;SSSSS;2240;61;4
FAR EAST;Rio de Janeiro;NAHA;AAAAA;4099;48;3
FAR EAST;Rio de Janeiro;NAHA;HHHHHH;4840;58;3
FAR EAST;Rio de Janeiro;NAHA;SSSSS;2240;54;4
FAR EAST;Rio de Janeiro;NANSHA;AAAAA;2466;30;10
FAR EAST;Rio de Janeiro;NANSHA;CCCCC;1800;35;14
FAR EAST;Rio de Janeiro;NANSHA;HHHHHH;4412;68;10
FAR EAST;Rio de Janeiro;NANSHA;SSSSS;2602;62;7
FAR EAST;Rio de Janeiro;OSAKA;AAAAA;2029;48;3
FAR EAST;Rio de Janeiro;OSAKA;CCCCC;2020;44;8
FAR EAST;Rio de Janeiro;OSAKA;HHHHHH;4200;68;3
FAR EAST;Rio de Janeiro;OSAKA;SSSSS;2240;53;4
FAR EAST;Rio de Janeiro;PUSAN;AAAAA;1966;45;10
FAR EAST;Rio de Janeiro;PUSAN;CCCCC;1800;45;14
FAR EAST;Rio de Janeiro;PUSAN;HHHHHH;2020;64;15
FAR EAST;Rio de Janeiro;PUSAN;SSSSS;1240;49;7
FAR EAST;Rio de Janeiro;QINGDAO;AAAAA;1496;35;10
FAR EAST;Rio de Janeiro;QINGDAO;CCCCC;1600;34;14
FAR EAST;Rio de Janeiro;QINGDAO;HHHHHH;2600;75;10
FAR EAST;Rio de Janeiro;QINGDAO;SSSSS;1240;46;7
FAR EAST;Rio de Janeiro;SENDAI;AAAAA;4099;48;3
FAR EAST;Rio de Janeiro;SENDAI;HHHHHH;4094;60;3
FAR EAST;Rio de Janeiro;SENDAI;SSSSS;4402;55;4
FAR EAST;Rio de Janeiro;SHANGHAI;AAAAA;1496;31;10
FAR EAST;Rio de Janeiro;SHANGHAI;CCCCC;1600;37;14
FAR EAST;Rio de Janeiro;SHANGHAI;HHHHHH;2020;48;10
FAR EAST;Rio de Janeiro;SHANGHAI;SSSSS;1240;54;7
FAR EAST;Rio de Janeiro;SIHANOUKVILLE;AAAAA;4416;35;3
FAR EAST;Rio de Janeiro;SIHANOUKVILLE;SSSSS;4420;41;10
FAR EAST;Rio de Janeiro;SINGAPORE;AAAAA;1496;24;10
FAR EAST;Rio de Janeiro;SINGAPORE;CCCCC;1600;42;11
FAR EAST;Rio de Janeiro;SINGAPORE;HHHHHH;2020;56;3
FAR EAST;Rio de Janeiro;SINGAPORE;SSSSS;1240;37;7
FAR EAST;Rio de Janeiro;SUBIC BAY;AAAAA;2666;36;10
FAR EAST;Rio de Janeiro;SUBIC BAY;HHHHHH;4200;68;3
FAR EAST;Rio de Janeiro;SUBIC BAY;SSSSS;2402;51;10
FAR EAST;Rio de Janeiro;TIANJIN;AAAAA;1816;38;10
FAR EAST;Rio de Janeiro;TIANJIN;CCCCC;1600;45;14
FAR EAST;Rio de Janeiro;TIANJIN;SSSSS;1880;55;7
FAR EAST;Rio de Janeiro;TOKYO;AAAAA;2029;52;3
FAR EAST;Rio de Janeiro;TOKYO;CCCCC;1800;62;8
FAR EAST;Rio de Janeiro;TOKYO;HHHHHH;2620;60;3
FAR EAST;Rio de Janeiro;TOKYO;SSSSS;2240;57;4
FAR EAST;Rio de Janeiro;TOMAKOMAI;HHHHHH;4604;60;3
FAR EAST;Rio de Janeiro;TOMAKOMAI;SSSSS;4420;55;4
FAR EAST;Rio de Janeiro;XIAMEN;AAAAA;2616;47;10
FAR EAST;Rio de Janeiro;XIAMEN;CCCCC;1600;33;14
FAR EAST;Rio de Janeiro;XIAMEN;HHHHHH;4200;66;10
FAR EAST;Rio de Janeiro;XIAMEN;SSSSS;2602;44;7
FAR EAST;Rio de Janeiro;YANTIAN;AAAAA;1296;36;10
FAR EAST;Rio de Janeiro;YANTIAN;CCCCC;1600;54;14
FAR EAST;Rio de Janeiro;YANTIAN;HHHHHH;2020;63;10
FAR EAST;Rio de Janeiro;YANTIAN;SSSSS;1240;58;7
FAR EAST;Rio de Janeiro;YOKOHAMA;AAAAA;2299;49;3
FAR EAST;Rio de Janeiro;YOKOHAMA;CCCCC;1800;56;8
FAR EAST;Rio de Janeiro;YOKOHAMA;HHHHHH;4200;60;3
FAR EAST;Rio de Janeiro;YOKOHAMA;SSSSS;2240;54;4
FAR EAST;SANTOS;CAT LAI (HO CHI MINH);YYYYYYYYYY;1600;37;10
FAR EAST;SANTOS;HAIPHONG;YYYYYYYYYY;1600;36;10
FAR EAST;SANTOS;HAKATA;MMMMM;4416;48;10
FAR EAST;SANTOS;HAKATA;YYYYYYYYYY;1900;52;10
FAR EAST;SANTOS;HONG KONG;YYYYYYYYYY;1200;31;10
FAR EAST;SANTOS;KOBE;YYYYYYYYYY;1900;47;10
FAR EAST;SANTOS;MANILA NORTH HARBOUR;YYYYYYYYYY;1900;46;10
FAR EAST;SANTOS;NAGOYA;YYYYYYYYYY;1900;48;10
FAR EAST;SANTOS;NANSHA;YYYYYYYYYY;1600;38;14
FAR EAST;SANTOS;OSAKA;YYYYYYYYYY;1900;47;10
FAR EAST;SANTOS;PUSAN;YYYYYYYYYY;1600;45;14
FAR EAST;SANTOS;QINGDAO;YYYYYYYYYY;1200;42;14
FAR EAST;SANTOS;SHANGHAI;YYYYYYYYYY;1200;44;15
FAR EAST;SANTOS;SINGAPORE;YYYYYYYYYY;1200;27;10
FAR EAST;SANTOS;TIANJIN;YYYYYYYYYY;1200;39;14
FAR EAST;SANTOS;TOKYO;YYYYYYYYYY;1900;47;10
FAR EAST;SANTOS;XIAMEN;YYYYYYYYYY;1600;40;14
FAR EAST;SANTOS;YANTIAN;YYYYYYYYYY;1200;35;14
FAR EAST;SANTOS;YOKOHAMA;YYYYYYYYYY;1900;47;10
MEDITERRANEAN;;MALTA FREEPORT;AAAAA;0;;
MEDITERRANEAN;ITAGUAI;ABU DHABI;AAAAA;4486;31;15
MEDITERRANEAN;ITAGUAI;ADEN;AAAAA;2886;27;15
MEDITERRANEAN;ITAGUAI;AJMAN;AAAAA;4086;42;15
MEDITERRANEAN;ITAGUAI;AJMAN;MMMMM;4668;44;15
MEDITERRANEAN;ITAGUAI;AL KHOMS;AAAAA;4114;38;15
MEDITERRANEAN;ITAGUAI;AL KHOMS;MMMMM;4668;35;15
MEDITERRANEAN;ITAGUAI;ALEXANDRIA;AAAAA;4886;30;15
MEDITERRANEAN;Rio de Janeiro;ABU DHABI;HHHHHH;4022;34;5
MEDITERRANEAN;Rio de Janeiro;ABU DHABI;SSSSS;4440;41;10
MEDITERRANEAN;Rio de Janeiro;ADEN;CCCCC;4600;43;12
MEDITERRANEAN;Rio de Janeiro;ADEN;SSSSS;2440;25;10
MEDITERRANEAN;Rio de Janeiro;AJMAN;CCCCC;4900;31;17
MEDITERRANEAN;Rio de Janeiro;AJMAN;SSSSS;4640;38;10
MEDITERRANEAN;Rio de Janeiro;AL KHOMS;CCCCC;4200;40;10
MEDITERRANEAN;Rio de Janeiro;AL KHOMS;HHHHHH;2260;31;12
MEDITERRANEAN;Rio de Janeiro;AL KHOMS;SSSSS;2210;28;10
MEDITERRANEAN;Rio de Janeiro;ALEXANDRIA;SSSSS;4240;43;10
MIDDLE EAST;RIO GRANDE;ALGECIRAS;AAAAA;0;31;12
MIDDLE EAST;RIO GRANDE;ALGECIRAS;AAAAA;0;28;10
MIDDLE EAST;RIO GRANDE;ANTUÉRPIA;AAAAA;0;43;10
MIDDLE EAST;ITAGUAI;ANTWERP;MMMMM;4421;53;10
MIDDLE EAST;ITAGUAI;APIA;MMMMM;4426;53;10
MIDDLE EAST;ITAGUAI;AQABA;MMMMM;4004;38;15
MIDDLE EAST;ITAGUAI;ARHUS;MMMMM;4112;52;15
MIDDLE EAST;ITAGUAI;AUCKLAND;AAAAA;4286;36;10
MIDDLE EAST;ITAGUAI;AUCKLAND;MMMMM;4604;35;15
MIDDLE EAST;ITAGUAI;BAHRAIN;MMMMM;4282;53;15
MIDDLE EAST;ITAGUAI;BALBOA;MMMMM;4144;46;10
MIDDLE EAST;ITAGUAI;BAR;MMMMM;4198;31;15
MIDDLE EAST;ITAGUAI;ALGECIRAS;MMMMM;4446;34;15
MIDDLE EAST;ITAGUAI;BATANGAS;MMMMM;4262;43;15
MIDDLE EAST;ITAGUAI;BEIRUT;MMMMM;4226;56;10
MIDDLE EAST;ITAGUAI;BELFAST;MMMMM;4820;54;15
MIDDLE EAST;ITAGUAI;BENGUELA;MMMMM;4662;52;15
MIDDLE EAST;ITAGUAI;BREMEN;MMMMM;4946;59;10
MIDDLE EAST;ITAGUAI;BREMERHAVEN;AAAAA;4889;52;7
MIDDLE EAST;ITAGUAI;BREMERHAVEN;MMMMM;4144;53;15
MIDDLE EAST;Rio de Janeiro;ANTWERP;AAAAA;2989;43;10
MIDDLE EAST;Rio de Janeiro;ANTWERP;HHHHHH;4696;57;10
MIDDLE EAST;Rio de Janeiro;ANTWERP;SSSSS;2940;25;10
MIDDLE EAST;Rio de Janeiro;BUENAVENTURA;AAAAA;6222;69;7
MIDDLE EAST;Rio de Janeiro;BUENAVENTURA;HHHHHH;6412;41;10
MIDDLE EAST;Rio de Janeiro;BUENAVENTURA;SSSSS;6200;57;10
MIDDLE EAST;Rio de Janeiro;APIA;AAAAA;4019;51;10
MIDDLE EAST;Rio de Janeiro;APIA;CCCCC;4100;59;10
MIDDLE EAST;Rio de Janeiro;APIA;HHHHHH;2822;53;10
MIDDLE EAST;Rio de Janeiro;APIA;SSSSS;4140;34;10
MIDDLE EAST;Rio de Janeiro;AQABA;AAAAA;4422;57;7
MIDDLE EAST;Rio de Janeiro;AQABA;HHHHHH;4020;33;10
MIDDLE EAST;Rio de Janeiro;AQABA;SSSSS;4280;49;10
MIDDLE EAST;Rio de Janeiro;ARHUS;AAAAA;4989;55;7
MIDDLE EAST;Rio de Janeiro;ARHUS;CCCCC;4100;50;15
MIDDLE EAST;Rio de Janeiro;ARHUS;HHHHHH;4100;54;10
MIDDLE EAST;Rio de Janeiro;ARHUS;SSSSS;4440;29;10
MIDDLE EAST;Rio de Janeiro;AUCKLAND;SSSSS;4440;42;15
MIDDLE EAST;Rio de Janeiro;BAHRAIN;AAAAA;4219;55;15
MIDDLE EAST;Rio de Janeiro;BAHRAIN;CCCCC;4600;41;12
MIDDLE EAST;Rio de Janeiro;BAHRAIN;HHHHHH;4600;58;19
MIDDLE EAST;Rio de Janeiro;BAHRAIN;SSSSS;4190;37;21
MIDDLE EAST;Rio de Janeiro;BUENOS AIRES;AAAAA;4889;58;7
MIDDLE EAST;Rio de Janeiro;BUENOS AIRES;HHHHHH;4400;50;10
MIDDLE EAST;Rio de Janeiro;BUENOS AIRES;SSSSS;4240;34;10
MIDDLE EAST;Rio de Janeiro;BALBOA;AAAAA;2919;49;10
MIDDLE EAST;Rio de Janeiro;BALBOA;CCCCC;4100;36;15
MIDDLE EAST;Rio de Janeiro;BALBOA;HHHHHH;2820;47;10
MIDDLE EAST;Rio de Janeiro;BALBOA;SSSSS;2940;27;10
MIDDLE EAST;Rio de Janeiro;BAR;AAAAA;4182;42;15
MIDDLE EAST;Rio de Janeiro;BAR;HHHHHH;4200;29;19
MIDDLE EAST;Rio de Janeiro;BAR;SSSSS;4140;44;15
MIDDLE EAST;Rio de Janeiro;ALGECIRAS;SSSSS;4240;46;10
MIDDLE EAST;Rio de Janeiro;ANTUÉRPIA;SSSSS;8400;58;15
MIDDLE EAST;Rio de Janeiro;BATANGAS;AAAAA;4122;56;7
MIDDLE EAST;Rio de Janeiro;BATANGAS;HHHHHH;4480;44;15
MIDDLE EAST;Rio de Janeiro;BATANGAS;SSSSS;4140;54;10
MIDDLE EAST;Rio de Janeiro;BEIRUT;AAAAA;4019;52;10
MIDDLE EAST;Rio de Janeiro;BEIRUT;CCCCC;4100;58;15
MIDDLE EAST;Rio de Janeiro;BEIRUT;HHHHHH;4002;53;10
MIDDLE EAST;Rio de Janeiro;BEIRUT;SSSSS;4140;33;10
MIDDLE EAST;Rio de Janeiro;BELFAST;AAAAA;4989;56;7
MIDDLE EAST;Rio de Janeiro;BELFAST;CCCCC;4100;40;7
MIDDLE EAST;Rio de Janeiro;BELFAST;HHHHHH;4100;58;10
MIDDLE EAST;Rio de Janeiro;BELFAST;SSSSS;4440;31;10
MIDDLE EAST;Rio de Janeiro;BENGUELA;AAAAA;4489;53;7
MIDDLE EAST;Rio de Janeiro;BENGUELA;CCCCC;2900;50;7
MIDDLE EAST;Rio de Janeiro;BENGUELA;HHHHHH;4020;54;15
MIDDLE EAST;Rio de Janeiro;BENGUELA;SSSSS;4140;30;10
MIDDLE EAST;Rio de Janeiro;BREMEN;AAAAA;4689;54;10
MIDDLE EAST;Rio de Janeiro;BREMEN;HHHHHH;4120;35;10
MIDDLE EAST;Rio de Janeiro;BREMEN;SSSSS;4640;34;10
MIDDLE EAST;Rio de Janeiro;BREMERHAVEN;HHHHHH;4600;62;10
MIDDLE EAST;Rio de Janeiro;BREMERHAVEN;SSSSS;4180;33;15
MIDDLE EAST;SANTOS;BAHRAIN;YYYYYYYYYY;2420;51;21
MIDDLE EAST;SANTOS;BUENOS AIRES;MMMMM;4662;45;15
MIDDLE EAST;SANTOS;BALBOA;YYYYYYYYYY;2100;52;15
OCEANIA;Rio de Janeiro;BUSAN;AAAAA;12466;56;10
OCEANIA;Rio de Janeiro;CAGAYAN DE ORO;AAAAA;4066;47;3
OCEANIA;Rio de Janeiro;CALLAO;SSSSS;2460;72;10
OCEANIA;Rio de Janeiro;CARTAGENA;AAAAA;12466;71;10
OCEANIA;Rio de Janeiro;CAT LAI (HO CHI MINH);AAAAA;2416;39;3
OCEANIA;Rio de Janeiro;CAT LAI (HO CHI MINH);CCCCC;2000;36;12
OCEANIA;Rio de Janeiro;CAUCEDO;AAAAA;12466;77;7
OCEANIA;SANTOS;CEBU;AAAAA;12466;10;3
OCEANIA;SANTOS;CALLAO;AAAAA;6066;52;10
OCEANIA;SANTOS;CHARLESTOWN;AAAAA;6066;42;10
OCEANIA;SANTOS;CAT LAI (HO CHI MINH);YYYYYYYYYY;1900;36;10
